{"cameraMode":{"drawMode":0,"name":"Shaded","section":"Shading Mode"},"sceneLighting":false,"audioPlay":false,"sceneViewState":{"showFog":true,"showMaterialUpdate":false,"showSkybox":false,"showFlares":true,"showImageEffects":true,"showParticleSystems":true},"in2DMode":false,"pivot":{"x":5.879007816314697,"y":-1.51637601852417,"z":15.354007720947266},"rotation":{"x":-0.037802208214998248,"y":0.7424929141998291,"z":0.04221036657691002,"w":0.667539656162262},"size":12.445411682128907,"orthographic":false}